User Input,Chatbot Response,Timestamp
hii,Growing a vegetable garden allows you to enjoy fresh produce and connect with nature.,2024-12-25 17:26:33
Hello,"I'm fine, thank you",2024-12-25 17:26:52
tell me a joke,Why donâ€™t scientists trust atoms? Because they make up everything!,2024-12-25 17:29:34
tell me a joke,Why donâ€™t scientists trust atoms? Because they make up everything!,2024-12-25 17:29:52
make me laugh,Why don't skeletons fight each other? They don't have the guts!,2024-12-25 17:30:37
hi,Hello,2024-12-25 17:38:40
what's your name?,You can call me Chatbot.,2024-12-25 17:39:03
what is your name,You can call me Chatbot.,2024-12-25 17:40:59
hi,Nothing much,2024-12-25 17:56:53
your name,You can call me Chatbot.,2024-12-25 17:57:09
your age,"As an AI, I don't have personal preferences, but there are countless amazing books in various genres. Some popular ones include Harry Potter, To Kill a Mockingbird, and 1984.",2024-12-25 17:57:20
what is mindfullness,I can answer questions and provide assistance,2024-12-25 18:02:26
what is mindfullness,My purpose is to assist you,2024-12-25 18:02:48
what is mindfulness,"Mindfulness techniques include meditation, deep breathing, body scanning, and mindful eating.",2024-12-25 18:03:21
hi,"I'm fine, thank you",2024-12-27 21:23:08
what is AI?,I can answer questions and provide assistance,2024-12-27 21:23:30
what is Aritificial intelligence?,"Emotional intelligence (EQ) is the ability to understand and manage emotions, both in oneself and others.",2024-12-27 21:24:00
what is ai?,I am a chatbot,2024-12-27 21:24:27
hi,Hi there,2024-12-29 11:44:44
your name?,You can call me Chatbot.,2024-12-29 11:45:04
What is ai?,My purpose is to assist you,2024-12-29 11:45:27
hi ,Good to see you! How can I assist you today?,2024-12-29 11:51:25
what is Ai?,"An atom is the basic unit of matter, consisting of protons, neutrons, and electrons.",2024-12-29 11:51:42
what is ai?,"The speed of light in a vacuum is approximately 299,792 kilometers per second (186,282 miles per second).",2024-12-29 11:51:57
hi ,Hello! How can I help you today?,2024-12-29 11:53:12
What is ai?,"The speed of light in a vacuum is approximately 299,792 kilometers per second (186,282 miles per second).",2024-12-29 11:53:27
what is 2 + 2?,"The Pythagorean theorem states that in a right triangle, aÂ² + bÂ² = cÂ², where a and b are the legs and c is the hypotenuse.",2024-12-29 11:54:28
hi,Hi there,2024-12-29 11:59:23
How to stay healthy?,"For a healthy lifestyle, aim for a well-balanced diet, physical activity, proper sleep, and regular medical checkups.",2024-12-29 11:59:39
What are the symptoms of diabetes?,"Asthma symptoms include shortness of breath, wheezing, coughing, and chest tightness.",2024-12-29 12:00:26
How can i lose weight fast ?,"Healthy weight loss involves gradual changes, such as reducing calorie intake and incorporating exercise into your daily routine.",2024-12-29 12:01:27
what is health?,"To stay healthy, focus on a balanced diet, exercise regularly, manage stress, stay hydrated, and get enough sleep.",2024-12-29 12:05:38
what is diabetes?,"Arthritis management includes exercise, physical therapy, pain relievers, and in some cases, anti-inflammatory medications.",2024-12-29 12:05:56
What is diabetes?,"Arthritis management includes exercise, physical therapy, pain relievers, and in some cases, anti-inflammatory medications.",2024-12-29 12:06:16
Can allergies be cured?,"Common allergy symptoms include sneezing, itching, congestion, runny nose, watery eyes, and skin rashes.",2024-12-29 12:07:04
allergies be cured?,"Seasonal allergies can be managed with antihistamines, nasal sprays, and staying indoors during high pollen seasons.",2024-12-29 12:08:03
hi\,Hello,2024-12-29 20:33:09
what is your name?,I can answer questions and provide assistance,2024-12-29 20:33:49
What is your name?,I am a chatbot,2024-12-29 20:34:10
What is your name?,My purpose is to assist you,2024-12-29 20:35:11
hi,"I'm fine, thank you",2024-12-29 20:35:19
hello,Hello,2024-12-29 20:35:31
what is health?,"Exercise, a balanced diet, and mental well-being are key to good health.",2024-12-29 20:35:51
what is balanced diet?,"A healthy, balanced diet includes nutrient-dense foods like fruits, vegetables, whole grains, protein sources, and healthy fats.",2024-12-29 20:36:36
hi,Hey,2025-01-03 20:32:22
how are you ,I can answer questions and provide assistance,2025-01-03 20:32:34
how are you?,My purpose is to assist you,2025-01-03 20:32:47
your name?,My purpose is to assist you,2025-01-03 20:33:09
what is your name?,I can answer questions and provide assistance,2025-01-03 20:33:26
hi ,Hi there,2025-01-03 20:37:40
what is your name?,I can answer questions and provide assistance,2025-01-03 20:37:51
what is health?,I am a chatbot,2025-01-03 20:38:12
hi,Hi there,2025-01-05 18:39:33
your age,My purpose is to assist you,2025-01-05 18:39:42
What are the symptoms of diabetes,"Heart disease treatment often involves lifestyle changes such as diet and exercise, as well as medications and, in some cases, surgery.",2025-01-05 18:39:54
hi,"I'm sorry, I didn't quite understand that. Could you try rephrasing?",2025-01-05 18:58:13
Hi,"I'm sorry, I didn't quite understand that. Could you try rephrasing?",2025-01-05 18:58:24
hello,"I'm sorry, I didn't quite understand that. Could you try rephrasing?",2025-01-05 18:58:34
hi,Hey,2025-01-05 19:02:31
What are the symptoms of diabetes?,"Asthma symptoms include shortness of breath, wheezing, coughing, and chest tightness.",2025-01-05 19:02:50
